NDARAA075AMK,1
NDARAA948VFH,1
NDARAB055BPR,1
NDARAB977GFB,1
NDARAC349YUC,1
NDARAC904DMU,1
NDARAE199TDD,1
NDARAE828CML,1
NDARAE877NER,1
NDARAF003VCL,1
NDARAF440XWG,1
NDARAF535XK6,1
NDARAG610XL4,1
NDARAH304ED7,1
NDARAH976BND,1
NDARAJ977PRJ,1
NDARAK653RYE,1
NDARAK738BGC,1
NDARAM675UR8,1
NDARAN814UPR,1
NDARAP359UM6,1
NDARAP782TVC,1
NDARAT244VGA,1
NDARAU447JZH,1
NDARAV747WVL,1
NDARAX283MAK,1
NDARAY298THW,1
NDARAY475AKD,1
NDARAY734WB0,1
NDARBA507GCT,1
NDARBC296PLU,1
NDARBC734UVY,1
NDARBE641DGZ,1
NDARBF183RFB,1
NDARBF906DVB,1
NDARBG831VK4,1
NDARBH024NH2,1
NDARBH228RDW,1
NDARBH992ARB,1
NDARBJ159HXB,1
NDARBK669XJQ,1
NDARBM197EFF,1
NDARBM213BEA,1
NDARBN611GRA,1
NDARBN620TT7,1
NDARBR128UFP,1
NDARBR740NKV,1
NDARBT436PMT,1
NDARBT640EBN,1
NDARBT747UHM,1
NDARBU730PN8,1
NDARBU928LV0,1
NDARBV059CGE,1
NDARBV577EE0,1
NDARBV680AA8,1
NDARBW026UGE,1
NDARBY518PRN,1
NDARBZ925PRF,1
NDARCA153NKE,1
NDARCB370UK4,1
NDARCC140AAK,1
NDARCC824FCL,1
NDARCE353XKH,1
NDARCE368YHM,1
NDARCG159AAP,1
NDARCG785NND,1
NDARCG984YXZ,1
NDARCH514JCT,1
NDARCJ363KLE,1
NDARCJ475WJP,1
NDARCK162REX,1
NDARCL016NHB,1
NDARCL080RHP,1
NDARCL105LUE,1
NDARCM050BN2,1
NDARCM135DVC,1
NDARCM953HKD,1
NDARCR582GKJ,1
NDARCR594JN0,1
NDARCT889DMB,1
NDARCT974NAJ,1
NDARCU034JPB,1
NDARCU118LMX,1
NDARCU621EBN,1
NDARCU736GZ1,1
NDARCV378MMX,1
NDARCW497XW2,1
NDARCW933FD5,1
NDARCW946WNE,1
NDARCW963FP9,1
NDARCX053GU5,1
NDARCZ388PF5,1
NDARCZ947WU5,1
NDARDA573XGG,1
NDARDB224XUD,1
NDARDC003YG7,1
NDARDC814WW2,1
NDARDE283PLC,1
NDARDF568GL5,1
NDARDG484ZJ1,1
NDARDH086ZKK,1
NDARDH270YR5,1
NDARDH670PXH,1
NDARDH793TRR,1
NDARDH934MUV,1
NDARDJ947WXC,1
NDARDK197BHM,1
NDARDL305BT8,1
NDARDL862DP6,1
NDARDN393BJH,1
NDARDP292DVC,1
NDARDR067YMC,1
NDARDR240WKM,1
NDARDR296XHN,1
NDARDR439HY2,1
NDARDR458MR7,1
NDARDR804MFE,1
NDARDU482DGK,1
NDARDU566NUY,1
NDARDV088AA3,1
NDARDV310UEG,1
NDARDV648WB5,1
NDARDV865ENP,1
NDARDX561MRY,1
NDARDX770PJK,1
NDARDX872VH6,1
NDARDY776AKH,1
NDARDZ147ETZ,1
NDARDZ627XFA,1
NDAREB303XDC,1
NDAREB662RLE,1
NDAREC078VFT,1
NDAREC377AU2,1
NDAREE675XRY,1
NDAREF389RY2,1
NDAREG013BLG,1
NDAREG561ML5,1
NDAREG590BNY,1
NDAREH905REB,1
NDAREJ923AYR,1
NDAREK255DEE,1
NDAREK375DKR,1
NDAREK549XUQ,1
NDAREK575JNM,1
NDAREL721PGQ,1
NDAREM333CK5,1
NDAREN417DJE,1
NDAREN519BLJ,1
NDAREN969HF7,1
NDAREN999ERM,1
NDARER840MKU,1
NDARET653TAM,1
NDARET949LMU,1
NDAREU438HAF,1
NDAREU551GPC,1
NDAREV527ZRF,1
NDAREW201WD9,1
NDAREW430AYU,1
NDAREW661NZJ,1
NDAREW671HZW,1
NDAREX091KUR,1
NDAREX336AC1,1
NDARFA089ZZG,1
NDARFA737TG6,1
NDARFA804ZLW,1
NDARFA815FXE,1
NDARFB371EMF,1
NDARFB575BAT,1
NDARFE299MWU,1
NDARFF070XHV,1
NDARFG851ZNZ,1
NDARFG943GVZ,1
NDARFG953RRK,1
NDARFJ179MG0,1
NDARFJ302HVD,1
NDARFJ803JF7,1
NDARFL411AT1,1
NDARFL793LDE,1
NDARFM080VAF,1
NDARFN452VPC,1
NDARFP243NWY,1
NDARFP503KJF,1
NDARFP813TL5,1
NDARFR108JNB,1
NDARFR301KKP,1
NDARFR849NTP,1
NDARFT581ZW5,1
NDARFV725DEQ,1
NDARFW292PBD,1
NDARFW444PN1,1
NDARFW506ZZ0,1
NDARFX455JFY,1
NDARFX626DFH,1
NDARFX721WR8,1
NDARFY009MNL,1
NDARFY075REK,1
NDARFY612EMR,1
NDARGA048BD8,1
NDARGB441VVD,1
NDARGB998HX3,1
NDARGC124PAW,1
NDARGC255BUN,1
NDARGC559LN8,1
NDARGE366WNC,1
NDARGF543PM2,1
NDARGG205WVN,1
NDARGH074MU6,1
NDARGJ878ZP4,1
NDARGK736HF4,1
NDARGL085RTW,1
NDARGL105JJ7,1
NDARGL107GFK,1
NDARGL963HU4,1
NDARGM196JMM,1
NDARGM498YFL,1
NDARGM540EV8,1
NDARGN148MK2,1
NDARGN210CK7,1
NDARGP132PYA,1
NDARGP399TDM,1
NDARGR106TJB,1
NDARGR661YZG,1
NDARGR893PUA,1
NDARGT634DUJ,1
NDARGT682ZWN,1
NDARGU067HT7,1
NDARGU271CPG,1
NDARGV948BFZ,1
NDARGV956EGX,1
NDARGX173AC3,1
NDARGZ038DRL,1
NDARGZ116HTR,1
NDARHC462NGR,1
NDARHD276TYX,1
NDARHE199NGL,1
NDARHE236YLB,1
NDARHE283KZN,1
NDARHF150FDY,1
NDARHF269ATU,1
NDARHF545HFW,1
NDARHG065YHQ,1
NDARHG152GZC,1
NDARHG260BM9,1
NDARHH127PCL,1
NDARHJ523XGB,1
NDARHK598YJC,1
NDARHM421JUP,1
NDARHN078CDT,1
NDARHN131ZP6,1
NDARHN212TT6,1
NDARHN931CJV,1
NDARHP705RFA,1
NDARHP841RMR,1
NDARHP924ZHW,1
NDARHR140GMB,1
NDARHR443EHF,1
NDARHR763RB4,1
NDARHR901YLY,1
NDARHR944BBY,1
NDARHU391FD7,1
NDARHU423YXP,1
NDARHU910KZC,1
NDARHW650FXU,1
NDARHW718DTW,1
NDARHX252NVH,1
NDARHX628PC6,1
NDARHX877BLQ,1
NDARHZ439EBY,1
NDARHZ476MJP,1
NDARJA166LHK,1
NDARJA315FUQ,1
NDARJA788CH7,1
NDARJA830BYV,1
NDARJB355YHK,1
NDARJC010YYF,1
NDARJC463HCM,1
NDARJD142DHR,1
NDARJD282HJ4,1
NDARJE070PLA,1
NDARJE686DJL,1
NDARJF027UGB,1
NDARJF579EH9,1
NDARJG488XHT,1
NDARJG687YYX,1
NDARJG738WY6,1
NDARJG740PM8,1
NDARJG821GH3,1
NDARJH065GKG,1
NDARJH367WKY,1
NDARJH513HZX,1
NDARJJ216EGT,1
NDARJJ389CP2,1
NDARJJ638NAC,1
NDARJK651XB0,1
NDARJK910PDK,1
NDARJP146GT9,1
NDARJP444DZM,1
NDARJR280FEJ,1
NDARJR525HTX,1
NDARJR687LGX,1
NDARJT064LRE,1
NDARJT517YHZ,1
NDARJT730WP0,1
NDARJU787GF5,1
NDARJU903AZH,1
NDARJV268PNW,1
NDARJV377HG4,1
NDARJV411EH6,1
NDARJX121GKP,1
NDARJX505XD6,1
NDARJX939UCQ,1
NDARJY141RFE,1
NDARJZ679KXJ,1
NDARJZ888UX6,1
NDARKA946MJ1,1
NDARKB614KGY,1
NDARKC880ZHY,1
NDARKC978MR4,1
NDARKD064EVC,1
NDARKD134TCX,1
NDARKD590VF4,1
NDARKE358TFU,1
NDARKF442GZ5,1
NDARKF704MKL,1
NDARKF779EK2,1
NDARKF899ZUB,1
NDARKG718VF7,1
NDARKG859AGN,1
NDARKH837TB2,1
NDARKK000PNQ,1
NDARKK392ZX2,1
NDARKK774VP5,1
NDARKM784VA7,1
NDARKN346XZH,1
NDARKN477EBH,1
NDARKN988BRP,1
NDARKR155ME9,1
NDARKR195PL9,1
NDARKT032RYR,1
NDARKT952ML4,1
NDARKU278YRR,1
NDARKV353MTD,1
NDARKV807EMJ,1
NDARKW010CT2,1
NDARKX265YX7,1
NDARKY667THK,1
NDARKZ031NJZ,1
NDARLA457ELH,1
NDARLA998XAC,1
NDARLB017MBJ,1
NDARLB581AXF,1
NDARLB629BJ1,1
NDARLC358CYJ,1
NDARLD016VCA,1
NDARLE335PRN,1
NDARLE417RA4,1
NDARLE953JYU,1
NDARLF484WJL,1
NDARLG027HUK,1
NDARLG890JDU,1
NDARLG942AZ1,1
NDARLJ168LXY,1
NDARLJ280UCN,1
NDARLJ356HAQ,1
NDARLJ549WTT,1
NDARLJ886BFK,1
NDARLK551KXD,1
NDARLN961XGP,1
NDARLP417RC6,1
NDARLR083PKF,1
NDARLR620FW6,1
NDARLT314TWP,1
NDARLV086DEH,1
NDARLV155RW0,1
NDARLX816JUZ,1
NDARLY067FD6,1
NDARLY483UNZ,1
NDARLY947EXR,1
NDARLZ104NDT,1
NDARMA449YB6,1
NDARMA584EM0,1
NDARMC759CX3,1
NDARMC950EUL,1
NDARME100GK1,1
NDARME573TRB,1
NDARME689TAF,1
NDARME930DE7,1
NDARMF116AFR,1
NDARMF508PA2,1
NDARMG278GYH,1
NDARMG451PJA,1
NDARMJ219AKU,1
NDARMJ845MJA,1
NDARMK416UUQ,1
NDARML926NEG,1
NDARMM005DLK,1
NDARMM137PT6,1
NDARMM782KJK,1
NDARMM990URX,1
NDARMP784KKE,1
NDARMR134HUY,1
NDARMR277TT7,1
NDARMR631KR5,1
NDARMT064WBB,1
NDARMT661WCR,1
NDARMT882AWE,1
NDARMT898BME,1
NDARMU589LP6,1
NDARMW088NNR,1
NDARMW178UDD,1
NDARMW252AJW,1
NDARMW473LL1,1
NDARMW863HW5,1
NDARMX277VHC,1
NDARMX482GWR,1
NDARMY254BGN,1
NDARMY301WFK,1
NDARMY456WML,1
NDARMY967HNA,1
NDARMZ366UY8,1
NDARMZ687XRR,1
NDARNA004AGP,1
NDARNA335GX2,1
NDARNA660PPK,1
NDARNA768ZAK,1
NDARNB427ARE,1
NDARNB905CFU,1
NDARNC374XEL,1
NDARND348HB3,1
NDARND697FLK,1
NDARNE767VAJ,1
NDARNE906EJA,1
NDARNF994TPA,1
NDARNG108PFB,1
NDARNG689AAP,1
NDARNH200DA6,1
NDARNJ633HHX,1
NDARNK064DXY,1
NDARNK241ZXA,1
NDARNK329VC3,1
NDARNL587LVL,1
NDARNL599TMZ,1
NDARNM783ZVV,1
NDARNM834MY9,1
NDARNN218UGY,1
NDARNP423EJQ,1
NDARNR459MUJ,1
NDARNT151UN1,1
NDARNT572CMD,1
NDARNT898ZPF,1
NDARNT939YMG,1
NDARNU137XR4,1
NDARNU282ZYZ,1
NDARNU770PM5,1
NDARNY205RK8,1
NDARNY217PLD,1
NDARNY964EA0,1
NDARNZ141GNH,1
NDARNZ610KZY,1
NDARPA570LBF,1
NDARPB984UTU,1
NDARPC301UWR,1
NDARPC745LTD,1
NDARPC817XZ5,1
NDARPD029JVJ,1
NDARPD346FCN,1
NDARPD568LHV,1
NDARPE752VYE,1
NDARPE830YU0,1
NDARPF988BBV,1
NDARPH513LP3,1
NDARPJ151ERK,1
NDARPJ832WL6,1
NDARPK300HMV,1
NDARPK522DVQ,1
NDARPK597XH0,1
NDARPL215MTH,1
NDARPL479LHN,1
NDARPL596YTD,1
NDARPN886HH9,1
NDARPP150TNR,1
NDARPP726XBF,1
NDARPT007UXR,1
NDARPV145KGL,1
NDARPV249ZRF,1
NDARPW482TVE,1
NDARPX155RF3,1
NDARPX219TW0,1
NDARPY297MD8,1
NDARPY478YM0,1
NDARPZ020AH8,1
NDARRA383KVQ,1
NDARRA717GYV,1
NDARRA733VWX,1
NDARRA767WB7,1
NDARRB901DWV,1
NDARRB942UWU,1
NDARRC295CHW,1
NDARRD326KB9,1
NDARRE063LG2,1
NDARRE214UKF,1
NDARRG415BJM,1
NDARRG536CVP,1
NDARRH725XYA,1
NDARRJ130PV7,1
NDARRK038CBD,1
NDARRK163VY8,1
NDARRL030XD8,1
NDARRL660CME,1
NDARRM073JKA,1
NDARRM467NP2,1
NDARRM586XYL,1
NDARRN047XHC,1
NDARRP163YRC,1
NDARRP384BVX,1
NDARRP592GHK,1
NDARRP614EBU,1
NDARRP818DWL,1
NDARRR595LRJ,1
NDARRU979UBW,1
NDARRV480PU1,1
NDARRV941EAC,1
NDARRW940BL6,1
NDARRY112RAK,1
NDARRY126FA5,1
NDARRY715CY4,1
NDARRZ199KNG,1
NDARRZ653HKY,1
NDARRZ979FZ4,1
NDARTA819MF0,1
NDARTB213ML4,1
NDARTB755MF5,1
NDARTC652JK4,1
NDARTC707KPU,1
NDARTC710UM1,1
NDARTC865YNZ,1
NDARTF133LLM,1
NDARTF776EYR,1
NDARTF781TM8,1
NDARTF833WXB,1
NDARTG396FGE,1
NDARTG810FRE,1
NDARTH610GMK,1
NDARTJ032FJ2,1
NDARTJ433TB5,1
NDARTJ862ENU,1
NDARTK691PJJ,1
NDARTK834FT9,1
NDARTK950DY5,1
NDARTL667CCG,1
NDARTN158LRF,1
NDARTN173MXV,1
NDARTN483XE4,1
NDARTN487KDK,1
NDARTN760YH8,1
NDARTR365NCY,1
NDARTU644WHZ,1
NDARTV107XD4,1
NDARTV222FA9,1
NDARTW501ZKN,1
NDARTW855BPJ,1
NDARTX659HAF,1
NDARTX934NH6,1
NDARTY549YDG,1
NDARUA421HT8,1
NDARUB231LHN,1
NDARUB495UD1,1
NDARUB962AXN,1
NDARUD394JAW,1
NDARUF069EHR,1
NDARUF935UL3,1
NDARUG323DM3,1
NDARUG492VF0,1
NDARUJ962NZB,1
NDARUK658FMU,1
NDARUL675RXW,1
NDARUP249AMD,1
NDARUP441BKK,1
NDARUR009YJM,1
NDARUR126CFH,1
NDARUT018UYN,1
NDARUT651WFC,1
NDARUU801VFA,1
NDARUV263YB5,1
NDARUV418FB8,1
NDARUW206XUG,1
NDARUX818MGE,1
NDARUX885LMW,1
NDARUY549PGQ,1
NDARUZ345THD,1
NDARUZ368BT4,1
NDARVB012UWL,1
NDARVB297WUM,1
NDARVC246ZY8,1
NDARVC821LP9,1
NDARVD552PRC,1
NDARVD685RRJ,1
NDARVE724GEF,1
NDARVG127VW5,1
NDARVG132NF6,1
NDARVG461LA2,1
NDARVG971CHH,1
NDARVH033CA4,1
NDARVJ504DAA,1
NDARVJ685ZW5,1
NDARVK407TGE,1
NDARVL697YGK,1
NDARVL729TT5,1
NDARVM025NCF,1
NDARVM685MER,1
NDARVN363NNQ,1
NDARVN469KP6,1
NDARVN646NZP,1
NDARVP135ZGE,1
NDARVR601FUT,1
NDARVU883NDE,1
NDARVV248VW0,1
NDARVX111CNA,1
NDARVX337AC0,1
NDARVX547MA0,1
NDARVX856RHN,1
NDARWA351ZE2,1
NDARWA433WYZ,1
NDARWA622HHZ,1
NDARWB124EMA,1
NDARWB685NUG,1
NDARWC427JB2,1
NDARWC925WDX,1
NDARWD655AAA,1
NDARWD911WBU,1
NDARWE818UA6,1
NDARWE908KF8,1
NDARWF122UUJ,1
NDARWG831JJ8,1
NDARWJ019VGU,1
NDARWJ064WYP,1
NDARWJ498CZY,1
NDARWK051GG4,1
NDARWM319UU2,1
NDARWM654UTC,1
NDARWM656UWL,1
NDARWN424BPK,1
NDARWN580TUL,1
NDARWN709HA2,1
NDARWN885MGD,1
NDARWP595TE6,1
NDARWP634RZL,1
NDARWP732GD1,1
NDARWR247CE1,1
NDARWR888KKT,1
NDARWU381EF7,1
NDARWV405ZW0,1
NDARWV452YZN,1
NDARWV568MEU,1
NDARWV938NKD,1
NDARWW005GCU,1
NDARWW480TU2,1
NDARWW820WZN,1
NDARWW901MTC,1
NDARWX173EFW,1
NDARWX605LAD,1
NDARWZ024UYK,1
NDARWZ283CWB,1
NDARWZ495PG4,1
NDARWZ709DLY,1
NDARXB692PXC,1
NDARXC534KT4,1
NDARXC826NW7,1
NDARXC828NXQ,1
NDARXD710RLN,1
NDARXD907ZJL,1
NDARXE638NCB,1
NDARXE854EDK,1
NDARXF358XGE,1
NDARXF441RHQ,1
NDARXF623GEL,1
NDARXF890FLA,1
NDARXG108HK2,1
NDARXG469XGP,1
NDARXG571WPL,1
NDARXH393TMM,1
NDARXH597ML1,1
NDARXH654EPQ,1
NDARXJ468UGL,1
NDARXJ624ZF2,1
NDARXK164TNN,1
NDARXK462WRZ,1
NDARXM571XCC,1
NDARXN893UEZ,1
NDARXP021FZ5,1
NDARXP717YMH,1
NDARXR250LW3,1
NDARXR346UT5,1
NDARXR637JER,1
NDARXR965TFK,1
NDARXT325FV6,1
NDARXT792GY8,1
NDARXU679ZE8,1
NDARXU995GAJ,1
NDARXV034WE0,1
NDARXV702MYC,1
NDARXW933TUJ,1
NDARXX895FNJ,1
NDARXX939FFN,1
NDARXZ685TU4,1
NDARXZ692ULW,1
NDARYA030ZG7,1
NDARYA776KBK,1
NDARYA851GL6,1
NDARYA952GA1,1
NDARYB414NGM,1
NDARYB432MB5,1
NDARYB743WWX,1
NDARYD071TYL,1
NDARYE379GGT,1
NDARYE814TBX,1
NDARYE850ZVD,1
NDARYF085LZQ,1
NDARYG546ZFF,1
NDARYG988PUQ,1
NDARYH182BBV,1
NDARYH480GTD,1
NDARYH697TPA,1
NDARYJ301DYN,1
NDARYJ334EHH,1
NDARYJ638RTN,1
NDARYJ694EU0,1
NDARYK942YHY,1
NDARYL124VM6,1
NDARYM257RR6,1
NDARYN152YMW,1
NDARYN174NPH,1
NDARYN254VW6,1
NDARYN474PEK,1
NDARYP516VUU,1
NDARYR150UDP,1
NDARYR771VED,1
NDARYT155NHX,1
NDARYT389KC1,1
NDARYT885XH3,1
NDARYU120NDA,1
NDARYU323ZDJ,1
NDARYU620RH9,1
NDARYV120ZLG,1
NDARYW945PJU,1
NDARYW984FLT,1
NDARYX572VEW,1
NDARYX592YYR,1
NDARYY218AGA,1
NDARYZ143NTF,1
NDARYZ408VWW,1
NDARYZ637LK4,1
NDARYZ693DE2,1
NDARYZ909VND,1
NDARYZ986HEW,1
NDARZC344VH2,1
NDARZD985LU8,1
NDARZD991YLG,1
NDARZE389XF0,1
NDARZE685UJ5,1
NDARZE850WXD,1
NDARZE963MEU,1
NDARZF949WTW,1
NDARZG263HRK,1
NDARZH517ZVK,1
NDARZH761YA7,1
NDARZJ016GL0,1
NDARZJ607YLU,1
NDARZL113CU0,1
NDARZL855WVA,1
NDARZM903TNL,1
NDARZN148PMN,1
NDARZN277NR6,1
NDARZN610GTY,1
NDARZN677EYE,1
NDARZN899JCM,1
NDARZR412TBP,1
NDARZR538EZH,1
NDARZR567HWG,1
NDARZT940RZG,1
NDARZU401RCU,1
NDARZU822WN3,1
NDARZV132DRG,1
NDARZV608BL8,1
NDARZW013RUH,1
NDARZW873DN3,1
NDARZZ007YMP,1